MatrixSize,Processes,TimeElapsed
64,1,0.003794
64,4,0.001342
128,1,0.018357
128,4,0.003382
256,1,0.111120
256,4,0.019750
512,1,0.862908
512,4,0.145644
